Model,Accuracy,Precision_macro,Recall_macro,F1_macro
MLP,0.86,0.5444339025932954,0.5884703196347032,0.5618740597464001
DecisionStump,0.82,0.5265151515151515,0.4583333333333333,0.46894409937888204
Perceptron_OVR,0.77,0.4528933524629364,0.4355022831050228,0.438814581694204
KNN,0.73,0.402547065337763,0.3892694063926941,0.3861855897605649
GaussianNB,0.43,0.5642499263188918,0.534627092846271,0.30836007748576055
